num,x,y,q
0,1.06977748871,0.734030365944,0
1,3.3829061985,0.761405527592,0
