num,x,y,q
0,0.278619930142,0.55532290587,0
1,2.32849017577,0.223212863544,0
2,3.92932429748,-0.333535770847,0
3,4.74987239472,-1.0578607847,0
4,5.64087631519,-0.770875139962,0
5,6.00683175652,0.295232633167,0
6,6.38154799272,1.4809797037,0
7,5.39582960707,1.93011921587,0
8,3.69135894437,2.11456584438,0
