num,x,y,q
0,1.41629087925,-0.321341514587,0
