num,x,y,q
0,-2.1899626255,-0.773537397385,0
1,-0.801429748535,0.568017482758,0
2,1.1764292717,0.900375366211,0
