num,x,y,q
0,-1.14435005188,0.325593709946,0
1,1.12296652794,1.53932261467,0
2,0.691045284271,0.0465723872185,0
