num,x,y,q
0,0.828146457672,-0.506412267685,0
1,4.35441017151,1.02185583115,0
