num,x,y,q
0,0.657988727093,-0.984918296337,0
1,1.3347465992,-0.160584449768,0
2,0.371477156878,0.0873153209686,0
