num,x,y,q
1,0.660926818848,0.450895130634,0
2,2.62613201141,0.224262878299,0
