num,x,y,temp,RGB
0,-0.534423589706,0.499871194363,20.0,#645F62
1,-1.56420183182,0.691375434399,20.1000003815,#5B5B5F
2,-1.89992618561,-0.176662504673,20.1000003815,#5B5A5F
3,-1.92743599415,-1.01868748665,20.1000003815,#5A595E
4,-0.485884666443,-1.08974170685,20.0,#5B5A5E
