num,x,y,temp
0,0.20733204424,0.160980314286,18.0
1,0.205961042312,0.135524964635,18.0
2,0.214490705192,0.156265801721,18.0
3,0.218433683537,0.168530185376,19.8999996185
4,0.217536172888,0.142283029663,20.0
