num,x,y,temp
0,0.143972146473,0.0234531193217,18.7000007629
