num,x,y,q
0,-0.0644799106016,0.444827865223,0
1,-0.977419862821,0.859239662608,0
2,-1.50023001177,0.893178081394,0
3,-2.36101536319,0.377959547128,0
4,-2.90162470493,-0.487563514755,0
5,-3.47529189955,-1.32650806181,0
6,-3.86345308407,-2.09610513366,0
7,-3.10907492193,-1.97958412769,0
8,-2.4369126494,-1.18011352884,0
9,-1.87559206452,-0.346696347443,0
10,-0.951990019771,0.0558737279492,0
