num,x,y,temp,RGB
0,0.132797809181,0.0295321373653,19.2000007629,#6A6A63
1,0.133312397097,0.0309479538137,19.2000007629,#747270
2,0.132042528159,0.0321843132583,19.2000007629,#747270
3,0.132426409536,0.0319141575914,19.2000007629,#747270
4,0.131690417276,0.0309468952986,19.2000007629,#5A4B4A
5,0.131136829967,0.0331982262379,19.2000007629,#A0989A
6,0.130157862016,0.0302458647305,19.2000007629,#8E9196
7,0.13114012167,0.032958310038,19.2000007629,#78727D
